INSERT INTO worker
(workerid, nameworker, lastnameworker, passworker)
VALUES
(118100573, 'Daniela', 'Brenes', 'dynamite'),
(117370005, 'Gabriel', 'Gonzalez', 'siuuu'),
(117730482, 'Oscar', 'Mendez', 'cot'),
(702790046, 'Aldo', 'Cambronero', 'guacimo'),
(702920019, 'Nayeli', 'Matarrita', 'hojancha');

INSERT INTO plane
(planeid, model, passengercap, bagcap)
VALUES
('TIMJH', 'Boeing 737', 210, 250),
('ECATM', 'AirBus 320', 180, 240),
('N123A', 'Boeing 747', 240, 550),
('XACHU', 'AirBus 340', 150, 420),
('CVZYL', 'Boeing 777', 120, 450);

INSERT INTO customer
(customerid, namecustomer, lastnamecustomer, passcustomer, email, phone, studentid, university, miles)
VALUES
(117630483, 'Haziel', 'Gudiño', 'proba', 'mario.haziel@gmail.com', 84688275, 2017106391, 'ITCR', 1500),
(117790261, 'Fatima', 'Leiva', 'copey', 'leiva.fatima@gmail.com', 87419081, 2019153089, 'ITCR', 0),
(305270400, 'Valentina', 'Araya', 'recreo', 'carmen.araya@outlook.com', 72708906, 2018474940, 'ITCR', 500),
(117390704, 'Ruben', 'Salas', 'heredia', 'salas.rub@gmail.com', 86069199, 2017164846, 'ITCR', 1000),
(604540821, 'Mauricio', 'Valverde', 'oriental', 'morris@hotmail.com', 72052734, 158473847, 'UCR', 4500),
(305200614, 'Maria Jesus', 'Hernandez', 'tejar', 'maria.jesus@gmail.com', 86289831, 2017140368, 'ITCR', 500),
(117790840, 'Meybelline', 'Rodriguez', 'irene', 'meybe@gmail.com', 86733300, 165983784, 'UCR', 0),
(303850224, 'Vanessa', 'Pacheco', 'aguacaliente', 'pacheco.vanessa@yahoo.com', 60685479, DEFAULT, NULL, DEFAULT),
(115250307, 'Andres', 'Vargas', 'moravia', 'vargas.andres@outlook.com', 83171830, DEFAULT, NULL, DEFAULT),
(305080248, 'Valeria', 'Solano', 'ningning', 'valsolano@gmail.com', 60008745, DEFAULT, NULL, DEFAULT),
(164829613, 'Monica', 'Mora', 'morita', 'monicamora@gmail.com', 61925012, DEFAULT, NULL, DEFAULT),
(204817291, 'Maria', 'Arguedas', 'arco', 'mariarguedas@gmail.com', 75839172, DEFAULT, NULL, DEFAULT),
(581929174, 'Esteban', 'Sanchez', 'tebi', 'estebansanchez@gmail.com', 88194040, 2022771648, 'UCR', DEFAULT),
(481927481, 'Antonio', 'Ramirez', 'tony', 'tonyramirez@gmail.com', 22910372, 2018127812, 'ITCR', DEFAULT),
(287462812, 'Sebastian', 'Aguilar', 'sebas', 'sebasaguilar@gmail.com', 29213781, DEFAULT, NULL, DEFAULT),
(691824810, 'Isaac', 'Porras', 'perez', 'isaacporras@gmail.com', 77491723, DEFAULT, NULL, DEFAULT),
(839172849, 'Roman', 'Lopez', 'roman', 'romanlopez@gmail.com', 81940124, DEFAULT, NULL, DEFAULT),
(123917291, 'Javier', 'Rodriguez', 'javi', 'javirod@gmail.com', 77291023, 2016184721, 'UCR', DEFAULT),
(309718392, 'Juan', 'Perez', 'juan', 'juanperez@gmail.com', 88886363, 2015829461, 'ITCR', DEFAULT);

INSERT INTO flight
(flightid, bagquantity, userquantity, gate, departure, arrival, origin, destination, stops, status, price, discount, planeid, workerid)
VALUES
('IB7852', DEFAULT, DEFAULT, 7, '2022-08-22 16:40:00', '2022-08-24 13:15:00', 'SJO/Costa Rica', 'ATH/Grecia', ARRAY['IB7811','IB6342','IB3152'], 'Scheduled', 935, DEFAULT, 'TIMJH', 118100573),
('IB7811', DEFAULT, DEFAULT, 7, '2022-08-22 16:40:00', '2022-08-22 17:55:00', 'SJO/Costa Rica', 'SAL/El Salvador', ARRAY[]::TEXT[], 'Scheduled', 123, DEFAULT, 'TIMJH', 118100573),
('IB6342', DEFAULT, DEFAULT, 25, '2022-08-22 19:45:00', '2022-08-23 14:35:00', 'SAL/El Salvador', 'MAD/Madrid', ARRAY[]::TEXT[], 'Scheduled', 598, DEFAULT, 'TIMJH', 118100573),
('IB3152', DEFAULT, DEFAULT, 19, '2022-08-24 08:35:00', '2022-08-24 13:15:00', 'MAD/Madrid', 'ATH/Grecia', ARRAY[]::TEXT[], 'Scheduled', 214, 20, 'TIMJH', 118100573),

('IB3217', DEFAULT, DEFAULT, 32, '2022-09-07 20:20:00', '2022-09-08 14:30:00', 'ATH/Grecia', 'SJO/Costa Rica', ARRAY['IB3281','IB6317'], 'Scheduled', 935, DEFAULT, 'TIMJH', 118100573),
('IB3281', DEFAULT, DEFAULT, 32, '2022-09-07 20:20:00', '2022-09-07 23:10:00', 'ATH/Grecia', 'MAD/Madrid', ARRAY[]::TEXT[], 'Scheduled', 214, 30, 'TIMJH', 118100573),
('IB6317', DEFAULT, DEFAULT, 19, '2022-09-08 11:35:00', '2022-09-08 14:30:00', 'MAD/Madrid', 'SJO/Costa Rica', ARRAY[]::TEXT[], 'Scheduled', 721, DEFAULT, 'TIMJH', 118100573),

('DL1721', DEFAULT, DEFAULT, 12, '2023-02-01 15:45:00', '2023-02-03 15:10:00', 'SJO/Costa Rica', 'HND/Japon/Japon', ARRAY['DL1756','DL466','DL121'],'Scheduled', 692, DEFAULT, 'CVZYL', 117370005),
('DL1756', DEFAULT, DEFAULT, 12, '2023-02-01 15:45:00', '2023-02-01 20:55:00', 'SJO/Costa Rica', 'ATL/Atlanta', ARRAY[]::TEXT[],'Scheduled', 200, DEFAULT, 'CVZYL', 117370005),
('DL466', DEFAULT, DEFAULT, 9, '2023-02-02 08:55:00', '2023-02-01 10:30:00', 'ATL/Atlanta', 'MSP/Minessota', ARRAY[]::TEXT[],'Scheduled', 50, 40, 'CVZYL', 117370005),
('DL121', DEFAULT, DEFAULT, 17, '2023-02-02 11:35:00', '2023-02-03 15:10:00', 'MSP/Minessota', 'HND/Japon', ARRAY[]::TEXT[],'Scheduled', 442, DEFAULT, 'CVZYL', 117370005),

('DL6874', DEFAULT, DEFAULT, 25, '2023-02-08 19:20:00', '2023-02-09 07:35:00', 'HND/Japon', 'SJO/Costa Rica', ARRAY['DL68','DL2947','DL1974'],'Scheduled', 750, DEFAULT, 'CVZYL', 117370005),
('DL68', DEFAULT, DEFAULT, 25, '2023-02-08 19:20:00', '2023-02-08 11:30:00', 'HND/Japon', 'PDX/Portland/Portland', ARRAY[]::TEXT[],'Scheduled', 520, DEFAULT, 'CVZYL', 117370005),
('DL2947', DEFAULT, DEFAULT, 1, '2023-02-08 17:00:00', '2023-02-08 19:20:00', 'PDX/Portland', 'LAX/Los Angeles', ARRAY[]::TEXT[],'Scheduled', 95, 20, 'CVZYL', 117370005),
('DL1974', DEFAULT, DEFAULT, 3, '2023-02-08 22:50:00', '2023-02-09 07:35:00', 'PDX/Portland', 'SJO/Costa Rica', ARRAY[]::TEXT[],'Scheduled', 135, DEFAULT, 'CVZYL', 117370005),

('LA2415', DEFAULT, DEFAULT, 6, '2022-09-25 17:03:00', '2022-09-26 07:50:00', 'SJO/Costa Rica', 'EZE/Argentina', ARRAY['LA2409','LA1321','LA6015'],'Scheduled', 457, DEFAULT, 'XACHU', 117370005),
('LA2409', DEFAULT, DEFAULT, 6, '2022-09-25 17:03:00', '2022-09-25 21:40:00', 'SJO/Costa Rica', 'LIM/Peru', ARRAY[]::TEXT[],'Scheduled', 328, DEFAULT, 'XACHU', 117370005),
('LA1321', DEFAULT, DEFAULT, 15, '2022-09-25 23:00:00', '2022-09-26 03:33:00', 'LIM/Peru', 'ASU/Paraguay', ARRAY[]::TEXT[],'Scheduled', 58, 10, 'XACHU', 117370005),
('LA6015', DEFAULT, DEFAULT, 20, '2022-09-26 05:00:00', '2022-09-26 07:50:00', 'ASU/Paraguay', 'EZE/Argentina', ARRAY[]::TEXT[],'Scheduled', 71, DEFAULT, 'XACHU', 117370005),

('LA4608', DEFAULT, DEFAULT, 8, '2022-10-10 20:04:00', '2022-10-12 16:03:00', 'EZE/Argentina', 'SJO/Costa Rica', ARRAY['LA462','LA520','LA2408'],'Scheduled', 520, DEFAULT, 'XACHU', 117370005),
('LA462', DEFAULT, DEFAULT, 8, '2022-10-10 20:04:00', '2022-10-10 21:20:00', 'EZE/Argentina', 'SCH/Chile', ARRAY[]::TEXT[],'Scheduled', 86, DEFAULT, 'XACHU', 117370005),
('LA520', DEFAULT, DEFAULT, 16, '2022-10-11 15:01:00', '2022-10-11 17:50:00', 'SCH/Chile', 'LIM/Peru', ARRAY[]::TEXT[],'Scheduled', 59, 15, 'XACHU', 117370005),
('LA2408', DEFAULT, DEFAULT, 11, '2022-10-12 13:15:00', '2022-10-12 16:03:00', 'LIM/Peru', 'SJO/Costa Rica', ARRAY[]::TEXT[],'Scheduled', 375, DEFAULT, 'XACHU', 117370005),

('AA1620', DEFAULT, DEFAULT, 22, '2022-11-20 13:56:00', '2022-11-21 20:30:00', 'SJO/Costa Rica', 'DOH/Catar', ARRAY['AA1600','AA1922','AA120'],'Scheduled', 1723, DEFAULT, 'N123A', 117370005),
('AA1600', DEFAULT, DEFAULT, 22, '2022-11-20 17:55:00', '2022-11-21 20:30:00', 'SJO/Costa Rica', 'MIA/Miami', ARRAY[]::TEXT[],'Scheduled', 372, DEFAULT, 'N123A', 117370005),
('AA1922', DEFAULT, DEFAULT, 13, '2022-11-20 19:30:00', '2022-11-20 22:25:00', 'MIA/Miami', 'JFK/New York', ARRAY[]::TEXT[],'Scheduled', 294, DEFAULT, 'N123A', 117370005),
('AA120', DEFAULT, DEFAULT, 28, '2022-11-21 00:20:00', '2022-11-21 20:30:00', 'MIA/Miami', 'DOH/Catar', ARRAY[]::TEXT[],'Scheduled', 1057, DEFAULT, 'N123A', 117370005),

('AA1253', DEFAULT, DEFAULT, 14, '2022-11-30 01:35:00', '2022-11-30 21:32:00', 'DOH/Catar', 'SJO/Costa Rica', ARRAY['AA121','AA2148','AA1353'],'Scheduled', 1825, DEFAULT, 'N123A', 117370005),
('AA121', DEFAULT, DEFAULT, 14, '2022-11-30 01:35:00', '2022-11-30 08:15:00', 'DOH/Catar', 'JFK/New York', ARRAY[]::TEXT[],'Scheduled', 1028, 15, 'N123A', 117370005),
('AA2148', DEFAULT, DEFAULT, 7, '2022-11-30 13:29:00', '2022-11-30 16:41:00', 'JFK/New York', 'MIA/Miami', ARRAY[]::TEXT[],'Scheduled', 327, DEFAULT, 'N123A', 117370005),
('AA1353', DEFAULT, DEFAULT, 10, '2022-11-30 19:35:00', '2022-11-30 21:32:00', 'MIA/Miami', 'SJO/Costa Rica', ARRAY[]::TEXT[],'Scheduled', 470, DEFAULT, 'N123A', 117370005),
('TK9690', DEFAULT, DEFAULT, 19, '2022-10-03 08:36:00', '2022-10-05 07:50:00', 'SJO/Costa Rica', 'CAI/Egipto', ARRAY['TK9603','TK801','TK690'],'Scheduled', 961, DEFAULT, 'TIMJH', 117370005),
('TK9603', DEFAULT, DEFAULT, 19, '2022-10-03 08:36:00', '2022-10-03 10:44:00', 'SJO/Costa Rica', 'PTY/Panama', ARRAY[]::TEXT[],'Scheduled', 87, 20, 'TIMJH', 117370005),
('TK801', DEFAULT, DEFAULT, 25, '2022-10-03 19:55:00', '2022-10-04 16:45:00', 'PTY/Panama', 'IST/Turquia', ARRAY[]::TEXT[],'Scheduled', 673, DEFAULT, 'TIMJH', 117370005),
('TK690', DEFAULT, DEFAULT, 7, '2022-10-05 06:35:00', '2022-11-30 21:32:00', 'IST/Turquia', 'CAI/Egipto', ARRAY[]::TEXT[],'Scheduled', 201, DEFAULT, 'TIMJH', 117370005),
('AC2808', DEFAULT, DEFAULT, 12, '2022-10-19 16:35:00', '2022-10-20 21:15:00', 'CAI/Egipto', 'SJO/Costa Rica', ARRAY['AC2857','AC865','AC1808'],'Scheduled', 961, DEFAULT, 'TIMJH', 117370005),
('AC2857', DEFAULT, DEFAULT, 12, '2022-10-19 16:35:00', '2022-10-19 21:05:00', 'CAI/Egipto', 'LHR/Londres', ARRAY[]::TEXT[],'Scheduled', 387, 30, 'TIMJH', 117370005),
('AC865', DEFAULT, DEFAULT, 9, '2022-10-20 14:05:00', '2022-10-20 16:15:00', 'LHR/Londres', 'YUL/Canada', ARRAY[]::TEXT[],'Scheduled', 428, DEFAULT, 'TIMJH', 117370005),
('AC1808', DEFAULT, DEFAULT, 9, '2022-10-20 17:25:00', '2022-10-20 21:15:00', 'YUL/Canada', 'SJO/Costa Rica', ARRAY[]::TEXT[],'Scheduled', 146, DEFAULT, 'TIMJH', 117370005),
('TO134', DEFAULT, DEFAULT, 19, '2022-08-24 08:35:00', '2022-08-24 13:15:00', 'MAD/Madrid', 'ATH/Grecia', ARRAY[]::TEXT[], 'Scheduled', 214, DEFAULT, 'TIMJH', 118100573),
('YG912', DEFAULT, DEFAULT, 19, '2022-09-25 08:35:00', '2022-09-26 13:15:00', 'MAD/Madrid', 'ATH/Grecia', ARRAY[]::TEXT[], 'Scheduled', 214, DEFAULT, 'TIMJH', 118100573);

INSERT INTO bag
(bagid, weight, color, price, customerid, flightid)
VALUES
('CO158', 35, 'GREEN', 120, 117630483,'IB6342'),
('AC402', 20, 'BLUE', 80, 117790261,'DL466'),
('GR631', 40, 'RED', 140, 117390704,'LA6015'),
('RQ471', 20, 'BLACK', 80, 604540821,'AA1253'),
('UA516', 60, 'YELLOW', 200, 115250307,'DL1974'),
('IV701', 15, 'WHITE', 60, 117630483,'IB6342'),
('GO891', 30, 'GREY', 80, 305270400,'DL121');

INSERT INTO customer_in_flight
(seatnum, customerid, flightid)
VALUES
(12, 117630483,'IB7852'),
(30, 117790261,'IB7852'),
(45, 305270400,'IB7852'),
(9, 117390704,'IB7852'),
(25, 604540821,'IB7852'),
(90, 305200614,'IB7852'),
(100, 117790840,'IB7852'),
(115, 303850224,'IB7852'),
(80, 164829613,'IB7852'),
(83, 581929174,'IB7852'),
(44, 305080248,'IB7852'),
(1, 204817291,'IB7852'),
(31, 481927481,'IB7852'),
(22, 287462812,'IB7852'),
(19, 691824810,'IB7852'),
(17, 839172849,'IB7852'),
(13, 123917291,'IB7852'),
(14, 309718392,'IB7852'),
(40, 117630483,'LA2415'),
(41, 117790261,'LA2415'),
(15, 305270400,'LA2415'),
(99, 117390704,'LA2415'),
(2, 604540821,'LA2415'),
(16, 305200614,'LA2415'),
(100, 117790840,'LA2415'),
(105, 303850224,'LA2415'),
(89, 164829613,'LA2415'),
(13, 581929174,'LA2415'),
(71, 305080248,'LA2415'),
(8, 204817291,'LA2415'),
(92, 481927481,'LA2415'),
(26, 287462812,'LA2415'),
(82, 691824810,'LA2415'),
(55, 839172849,'LA2415'),
(54, 123917291,'LA2415'),
(19, 309718392,'LA2415'),
(40, 117630483,'DL2947'),
(41, 117790261,'DL2947'),
(15, 305270400,'DL2947'),
(99, 117390704,'DL2947'),
(2, 604540821,'DL2947'),
(16, 305200614,'DL2947'),
(100, 117790840,'DL2947'),
(105, 303850224,'DL2947'),
(89, 164829613,'DL2947'),
(13, 581929174,'DL2947'),
(71, 305080248,'DL2947'),
(8, 204817291,'DL2947'),
(92, 481927481,'DL2947'),
(26, 287462812,'DL2947'),
(82, 691824810,'DL2947'),
(55, 839172849,'DL2947'),
(54, 123917291,'DL2947'),
(19, 309718392,'DL2947'),
(92, 481927481,'IB7811'),
(26, 287462812,'IB7811'),
(82, 691824810,'IB7811'),
(55, 839172849,'IB7811'),
(54, 123917291,'IB7811'),
(19, 309718392,'IB7811'),
(21, 481927481,'AA1600'),
(12, 287462812,'AA1600'),
(52, 691824810,'AA1600'),
(86, 839172849,'AA1600'),
(89, 123917291,'AA1600'),
(60, 309718392,'AA1600'),
(9, 164829613,'AA1600'),
(12, 117630483,'AA2148'),
(51, 117790261,'AA2148'),
(73, 305270400,'AA2148'),
(23, 117390704,'AA2148'),
(74, 604540821,'AA2148'),
(25, 305200614,'AA2148'),
(64, 117790840,'AA2148'),
(86, 303850224,'AA2148'),
(34, 164829613,'AA2148'),
(13, 581929174,'AA2148'),
(33, 305080248,'AA2148'),
(6, 204817291,'AA2148'),
(63, 481927481,'AA2148'),
(55, 287462812,'AA2148'),
(1, 691824810,'AA2148'),
(81, 839172849,'AA2148'),
(82, 123917291,'AA2148'),
(77, 309718392,'AA2148'),
(21, 481927481,'AA1353'),
(12, 287462812,'AA1353'),
(52, 691824810,'AA1353'),
(86, 839172849,'AA1353'),
(89, 123917291,'AA1353'),
(60, 309718392,'AA1353'),
(9, 164829613,'AA1353'),
(14, 117630483,'DL68'),
(51, 117790261,'DL68'),
(63, 305270400,'DL68'),
(86, 117390704,'DL68'),
(35, 604540821,'DL68'),
(61, 305200614,'DL68');


/*CustomerIds

FlightIds
IB7852
IB7811
IB6342
IB3152
IB3217
IB3281
DL1721
DL1756
DL466
DL121
DL6874
DL68
DL2947
DL1974
LA2415
LA2409
LA1321
LA6015
LA4608
LA462
LA520
LA2408
AA1620
AA1600
AA1922
AA120
AA1253
AA121
AA2148
AA1353

*/